---
D:
  unofficial_names:
  - Southern
  translations:
    en: HaDarom
  geo:
    latitude: 30.829562
    longitude: 35.0388164
    min_latitude: 29.4906471
    min_longitude: 34.2673871
    max_latitude: 31.8779508
    max_longitude: 35.4549186
  name: HaDarom
HA:
  unofficial_names:
  - Hefa
  - H̱efa
  - Haifa
  - Haifa
  - Haifa
  translations:
    en: Haifa
  geo:
    latitude: 32.7940463
    longitude: 34.989571
    min_latitude: 32.7565638
    min_longitude: 34.954059
    max_latitude: 32.842681
    max_longitude: 35.079493
  name: Haifa
JM:
  unofficial_names:
  - al-Quds
  - Yerushalayim
  - Jerusalem
  - Jérusalem
  - Jerusalén
  translations:
    en: Yerushalayim
  geo:
    latitude: 31.768319
    longitude: 35.21371
    min_latitude: 31.7096771
    min_longitude: 35.0854311
    max_latitude: 31.8829601
    max_longitude: 35.2652869
  name: Yerushalayim
M:
  unofficial_names:
  - Central
  translations:
    en: HaMerkaz
  geo:
    latitude: 31.9521108
    longitude: 34.906551
    min_latitude: 31.7571918
    min_longitude: 34.66654279999999
    max_latitude: 32.4126018
    max_longitude: 35.051422
  name: HaMerkaz
TA:
  unofficial_names: Tel-Aviv
  translations:
    en: Tel-Aviv
  geo:
    latitude: 32.0852999
    longitude: 34.78176759999999
    min_latitude: 32.0292531
    min_longitude: 34.7425159
    max_latitude: 32.1465073
    max_longitude: 34.8519761
  name: Tel-Aviv
Z:
  unofficial_names:
  - Northern
  translations:
    en: HaZafon
  geo:
    latitude: 32.8972246
    longitude: 35.3027226
    min_latitude: 32.3869671
    min_longitude: 35.0272979
    max_latitude: 33.33280500000001
    max_longitude: 35.896244
  name: HaZafon
