{"AW":"ארובה","AF":"אפגניסטן","AO":"אנגולה","AI":"אנגווילה","AX":"אולנד","AL":"אלבניה","AD":"אנדורה","AE":"איחוד האמירויות הערביות","AR":"ארגנטינה","AM":"ארמניה","AS":"סמואה האמריקנית","AQ":"אנטרקטיקה","TF":"הטריטוריות הדרומיות של צרפת","AG":"אנטיגואה וברבודה","AU":"אוסטרליה","AT":"אוסטריה","AZ":"אזרבייג׳ן","BI":"בורונדי","BE":"בלגיה","BJ":"בנין","BQ":"בונייר, סנט אוסטתיוס וסאבא","BF":"בורקינה פאסו","BD":"בנגלדש","BG":"בולגריה","BH":"בחריין","BS":"בהמאס","BA":"בוסניה והרצגובינה","BL":"סנט ברתלמי","BY":"בלארוס","BZ":"בליז","BM":"ברמודה","BO":"בוליביה","BR":"ברזיל","BB":"ברבדוס","BN":"ברונאי דרוסלאלם","BT":"בהוטן","BV":"בובה","BW":"בוטסואנה","CF":"הרפובליקה המרכז־אפריקאית","CA":"קנדה","CC":"איי קוקוס","CH":"שווייץ","CL":"צ'ילה","CN":"סין","CI":"חוף השנהב","CM":"קמרון","CD":"קונגו, הרפובליקה הדמוקרטית של","CG":"קונגו","CK":"איי קוק","CO":"קולומביה","KM":"קומורו","CV":"קאבו ורדה","CR":"קוסטה ריקה","CU":"קובה","CW":"קוראסאו","CX":"איי חג המולד","KY":"איי קיימן","CY":"קפריסין","CZ":"צ'כיה","DE":"גרמניה","DJ":"ג׳יבוטי","DM":"דומיניקה","DK":"דנמרק","DO":"הרפובליקה הדומיניקנית","DZ":"אלג'יריה","EC":"אקוודור","EG":"מצרים","ER":"אריתריאה","EH":"סהרה המערבית","ES":"ספרד","EE":"אסטוניה","ET":"אתיופיה","FI":"פינלנד","FJ":"פיג'י","FK":"איי פוקלנד","FR":"צרפת","FO":"איי פארו","FM":"מיקרונזיה","GA":"גבון","GB":"הממלכה המאוחדת","GE":"גאורגיה","GG":"גרנזי","GH":"גאנה","GI":"גיברלטר","GN":"גינאה","GP":"גוואדלופ","GM":"גמביה","GW":"גינאה ביסאו","GQ":"גינאה המשוונית","GR":"יוון","GD":"גרנדה","GL":"גרינלנד","GT":"גואטמלה","GF":"גיאנה הצרפתית","GU":"גואם","GY":"גיאנה","HK":"הונג קונג","HM":"האי הרד ואיי מקדונלד","HN":"הונדורס","HR":"קרואטיה","HT":"האיטי","HU":"הונגריה","ID":"אינדונזיה","IM":"האי מאן","IN":"הודו","IO":"הטריטוריה הבריטית באוקיינוס ההודי","IE":"אירלנד","IR":"אירן, הרפובליקה האיסלמית של","IQ":"עיראק","IS":"איסלנד","IL":"ישראל","IT":"איטליה","JM":"ג'מייקה","JE":"ג'רזי","JO":"ירדן","JP":"יפן","KZ":"קזחסטן","KE":"קניה","KG":"קירגיזסטן","KH":"קמבודיה","KI":"קיריבטי","KN":"סנט קיטס ונוויס","KR":"קוריאה הדרומית","KW":"כווית","LA":"לאוס","LB":"לבנון","LR":"ליבריה","LY":"לוב","LC":"סנט לוסיה","LI":"ליכטנשטיין","LK":"סרי לנקה","LS":"לסוטו","LT":"ליטא","LU":"לוקסמבורג","LV":"לטביה","MO":"מאקאו","MF":"סן מרטן","MA":"מרוקו","MC":"מונקו","MD":"מולדובה","MG":"מדגסקר","MV":"האיים המלדיביים","MX":"מקסיקו","MH":"איי מרשל","MK":"צפון קלדוניה","ML":"מאלי","MT":"מלטה","MM":"מיאנמר","ME":"מונטנגרו","MN":"מונגוליה","MP":"איי מריאנה הצפוניים","MZ":"מוזמביק","MR":"מאוריטניה","MS":"מונטסראט","MQ":"מרטיניק","MU":"מאוריציוס","MW":"מלאווי","MY":"מלזיה","YT":"מיוט","NA":"נמיביה","NC":"קלדוניה החדשה","NE":"ניז׳ר","NF":"נורפוק","NG":"ניגריה","NI":"ניקרגואה","NU":"ניואה","NL":"הולנד","NO":"נורווגיה","NP":"נפאל","NR":"נאורו","NZ":"ניו זילנד","OM":"עומאן","PK":"פקיסטן","PA":"פנמה","PN":"פיטקרן","PE":"פרו","PH":"הפיליפינים","PW":"פלאו","PG":"פפואה גינאה החדשה","PL":"פולין","PR":"פוארטו ריקו","KP":"קוריאה הצפונית","PT":"פורטוגל","PY":"פרגוואי","PS":"פלסטין, מדינת","PF":"פולינזיה הצרפתית","QA":"קטר","RE":"ראוניון","RO":"רומניה","RU":"הפדרציה הרוסית","RW":"רואנדה","SA":"ערב הסעודית","SD":"סודאן","SN":"סנגל","SG":"סינגפור","GS":"איי ג׳ורג׳יה הדרומית ואיי סנדוויץ׳ הדרומיים","SH":"סנט הלנה, אסנשן וטריסטן דה קונה","SJ":"סוולברד ויאן מאין","SB":"איי שלמה","SL":"סיירה לאון","SV":"אל סלוודור","SM":"סן מרינו","SO":"סומליה","PM":"סן פייר ומיקלון","RS":"סרביה","SS":"דרום סודאן","ST":"סאו טומה ופרינסיפה","SR":"סורינאם","SK":"סלובקיה","SI":"סלובניה","SE":"שוודיה","SZ":"אסווטני","SX":"סנט מארטן (החלק ההולנדי)","SC":"סיישל","SY":"הרפובליקה הערבית הסורית","TC":"איי טרקס וקייקוס","TD":"צ׳אד","TG":"טוגו","TH":"תאילנד","TJ":"טג׳יקיסטן","TK":"טוקלאו","TM":"טורקמניסטן","TL":"טימור מזרח","TO":"טונגה","TT":"טרינידד וטובגו","TN":"תוניסיה","TR":"טורקיה","TV":"טובאלו","TW":"טאיוואן","TZ":"טנזניה","UG":"אוגנדה","UA":"אוקראינה","UM":"האיים המרוחקים הקטנים של ארצות הברית","UY":"אורוגוואי","US":"ארצות הברית","UZ":"אוזבקיסטן","VA":"וותיקן","VC":"סנט וינסנט והגרנדינים","VE":"ונצואלה","VG":"איי הבתולה (בריטיים)","VI":"איי הבתולה (ארה)","VN":"וייטנאם","VU":"ונואטו","WF":"ואליס ופוטונה","WS":"סמואה","YE":"תימן","ZA":"דרום אפריקה","ZM":"זמביה","ZW":"זימבבואה"}