---
FR:
  continent: Europe
  address_format: |-
    {{recipient}}
    {{street}}
    {{postalcode}} {{city}}
    {{country}}
  alpha2: FR
  alpha3: FRA
  country_code: '33'
  international_prefix: '00'
  ioc: FRA
  gec: FR
  name: France
  national_destination_code_lengths:
  - 1
  national_number_lengths:
  - 9
  - 10
  national_prefix: '0'
  number: '250'
  region: Europe
  subregion: Western Europe
  world_region: EMEA
  un_locode: FR
  nationality: French
  eu_member: true
  eea_member: true
  vat_rates:
    standard: 20
    reduced:
    - 5.5
    - 10
    super_reduced: 2.1
    parking: 
  postal_code: true
  unofficial_names:
  - France
  - Frankreich
  - the French Republic
  - "フランス"
  - Frankrijk
  - Francia
  languages_official:
  - fr
  languages_spoken:
  - fr
  geo:
    latitude: 46 00 N
    latitude_dec: '46.63727951049805'
    longitude: 2 00 E
    longitude_dec: '2.3382623195648193'
    max_latitude: '51.09'
    max_longitude: '9.56'
    min_latitude: '41.34'
    min_longitude: "-5.14"
  currency_code: EUR
