---
LT:
  continent: Europe
  alpha2: LT
  alpha3: LTU
  country_code: '370'
  currency: EUR
  international_prefix: '00'
  ioc: LTU
  gec: LH
  name: Lithuania
  national_destination_code_lengths:
  - 2
  national_number_lengths:
  - 8
  national_prefix: '8'
  number: '440'
  region: Europe
  subregion: Northern Europe
  world_region: EMEA
  un_locode: LT
  nationality: Lithuanian
  eu_member: true
  vat_rates:
    standard: 21
    reduced:
    - 5
    - 9
    super_reduced: 
    parking: 
  postal_code: true
  slang_names:
  - Lithuania
  - Litauen
  - Lituanie
  - Lituania
  - "リトアニア"
  - Litouwen
  - "Літва"
  languages_offical:
  - lt
  languages_spoken:
  - lt
  geo:
    latitude: 56 00 N
    latitude_dec: '55.33871841430664'
    longitude: 24 00 E
    longitude_dec: '23.87092399597168'
    max_latitude: '56.441667'
    max_longitude: '27'
    min_latitude: '53'
    min_longitude: '21'
