---
BGO:
  name: Bengo
  names: Bengo
BGU:
  name: Benguela
  names: Benguela
BIE:
  name: Bié
  names: Bié
CAB:
  name: Cabinda
  names:
  - Kabinda
CCU:
  name: Cuando-Cubango
  names:
  - Cuando-Cubango
CNN:
  name: Cunene
  names: Cunene
CNO:
  name: Cuanza Norte
  names:
  - Cuanza-Norte
CUS:
  name: Cuanza Sul
  names:
  - Cuanza-Sul
HUA:
  name: Huambo
  names: Huambo
HUI:
  name: Huíla
  names: Huíla
LNO:
  name: Lunda Norte
  names: Lunda Norte
LSU:
  name: Lunda Sul
  names: Lunda Sul
LUA:
  name: Luanda
  names: Luanda
MAL:
  name: Malange
  names:
  - Malange
MOX:
  name: Moxico
  names: Moxico
NAM:
  name: Namibe
  names: Namibe
UIG:
  name: Uíge
  names: Uíge
ZAI:
  name: Zaire
  names: Zaire
