---
A:
  name: Salta
  names: Salta
B:
  name: Buenos Aires
  names: Buenos Aires
C:
  name: Capital federal
  names: Capital federal
D:
  name: San Luis
  names: San Luis
E:
  name: Entre Ríos
  names: Entre Ríos
F:
  name: La Rioja
  names: La Rioja
G:
  name: Santiago del Estero
  names: Santiago del Estero
H:
  name: Chaco
  names: Chaco
J:
  name: San Juan
  names: San Juan
K:
  name: Catamarca
  names: Catamarca
L:
  name: La Pampa
  names:
  - Pampa
M:
  name: Mendoza
  names: Mendoza
N:
  name: Misiones
  names: Misiones
P:
  name: Formosa
  names: Formosa
Q:
  name: Neuquén
  names: Neuquén
R:
  name: Río Negro
  names: Río Negro
S:
  name: Santa Fe
  names: Santa Fe
T:
  name: Tucumán
  names: Tucumán
U:
  name: Chubut
  names: Chubut
V:
  name: Tierra del Fuego
  names: Tierra del Fuego
W:
  name: Corrientes
  names: Corrientes
X:
  name: Córdoba
  names: Córdoba
Y:
  name: Jujuy
  names: Jujuy
Z:
  name: Santa Cruz
  names: Santa Cruz
