---
'01':
  name: Bandarban zila
  names:
  - Bandarban
'02':
  name: Barguna zila
  names: Barguna zila
'03':
  name: Bogra zila
  names:
  - Bogora
  - Bogra
  - Borga Thana
'04':
  name: Brahmanbaria zila
  names:
  - Brahman Bariya
  - Brahmanbaria
'05':
  name: Bagerhat zila
  names:
  - Bagarhat
  - Bagerhat
  - Bagherhat
  - Basabari
  - Bāsābāri
'06':
  name: Barisal zila
  names:
  - Barisal
'07':
  name: Bhola zila
  names:
  - Bhola
08:
  name: Comilla zila
  names:
  - Comilla
  - Komilla
09:
  name: Chandpur zila
  names:
  - Chandipur
  - Chandpur
'10':
  name: Chittagong zila
  names:
  - Chattagam
  - Chittagong
'11':
  name: Cox's Bazar zila
  names:
  - Coxʿs Bazar
  - Koks Bazar
'12':
  name: Chuadanga zila
  names:
  - Chuadanga
'13':
  name: Dhaka zila
  names:
  - Dacca
  - Dakka
  - Dhaka
'14':
  name: Dinajpur zila
  names:
  - Dinajpur
'15':
  name: Faridpur zila
  names:
  - Faridpur
'16':
  name: Feni zila
  names:
  - Feni
'17':
  name: Gopalganj zila
  names:
  - Gopalganj
'18':
  name: Gazipur zila
  names:
  - Gajipur
'19':
  name: Gaibandha zila
  names:
  - Gaibanda
  - Gaibandah
  - Gaibandha
  - Gaybanda
  - Gaybandah
'20':
  name: Habiganj zila
  names:
  - Habiganj
  - Hobiganj
  - Hobigonj
'21':
  name: Jamalpur zila
  names:
  - Jamalpur
'22':
  name: Jessore zila
  names:
  - Jessore
  - Jessur
'23':
  name: Jhenaidah zila
  names:
  - Jhanaydah
  - Jhanidah
  - Jhanīdāh
  - Jhenaida
  - Jhenida
'24':
  name: Jaipurhat zila
  names:
  - Jaipur Hat
  - Jaipurhat
  - Joypurhat
'25':
  name: Jhalakati zila
  names:
  - Jhalakati
  - Jhalokati
'26':
  name: Kishoreganj zila
  names:
  - Kishoreganj
'27':
  name: Khulna zila
  names:
  - Khulna
'28':
  name: Kurigram zila
  names:
  - Kurigram
'29':
  name: Khagrachari zila
  names: Khagrachari zila
'30':
  name: Kushtia zila
  names:
  - Kushtia
  - Kushtiya
'31':
  name: Lakshmipur zila
  names:
  - Lakshmipur
  - Laksmipur
'32':
  name: Lalmonirhat zila
  names:
  - Lalmanir Hat
  - Lalmonirhat
'33':
  name: Manikganj zila
  names:
  - Manikganj
'34':
  name: Mymensingh zila
  names:
  - Mymensingh
  - Nasirabad
  - Nasirābād
'35':
  name: Munshiganj zila
  names: Munshiganj zila
'36':
  name: Madaripur zila
  names:
  - Madaripur
'37':
  name: Magura zila
  names:
  - Magura
'38':
  name: Moulvibazar zila
  names:
  - Maulvi Bazar
  - Moulvi Bazar
'39':
  name: Meherpur zila
  names: Meherpur zila
'40':
  name: Narayanganj zila
  names:
  - Narayanganj
'41':
  name: Netrakona zila
  names:
  - Netrakona
  - Netrokana
'42':
  name: Narsingdi zila
  names:
  - Narsinghdi
'43':
  name: Narail zila
  names:
  - Narail
  - Naral
'44':
  name: Natore zila
  names:
  - Nator
  - Natore
'45':
  name: Nawabganj zila
  names:
  - Nawabganj
  - Nawabgonj
'46':
  name: Nilphamari zila
  names:
  - Nilphamari
'47':
  name: Noakhali zila
  names:
  - Noakhali
'48':
  name: Naogaon zila
  names:
  - Naogaon
  - Naugaon
'49':
  name: Pabna zila
  names:
  - Pabna
'50':
  name: Pirojpur zila
  names:
  - Perojpur
  - Pirojpur
'51':
  name: Patuakhali zila
  names:
  - Patukhali
'52':
  name: Panchagarh zila
  names: Panchagarh zila
'53':
  name: Rajbari zila
  names:
  - Rajbari
'54':
  name: Rajshahi zila
  names:
  - Rajshahi
  - Rampur Boalia
'55':
  name: Rangpur zila
  names:
  - Rangpur
'56':
  name: Rangamati zila
  names:
  - Rangamati
'57':
  name: Sherpur zila
  names:
  - Sherpur
'58':
  name: Satkhira zila
  names:
  - Satkhira
'59':
  name: Sirajganj zila
  names:
  - Serajgonj
  - Sirajganj
'60':
  name: Sylhet zila
  names:
  - Silhat
  - Sylhet
'61':
  name: Sunamganj zila
  names:
  - Shunamganj
  - Sunamganj
'62':
  name: Shariatpur zila
  names:
  - Shariatpur
'63':
  name: Tangail zila
  names:
  - Tangail
  - Tangayal
'64':
  name: Thakurgaon zila
  names:
  - Thakurgaon
