---
BR:
  name: Brava
  names: Brava
BV:
  name: Boa Vista
  names: Boa Vista
CA:
  name: Santa Catarina
  names: Santa Catarina
CR:
  name: Santa Cruz
  names: Santa Cruz
CS:
  name: Calheta de São Miguel
  names: Calheta de São Miguel
MA:
  name: Maio
  names: Maio
MO:
  name: Mosteiros
  names: Mosteiros
PA:
  name: Paúl
  names: Paúl
PN:
  name: Porto Novo
  names: Porto Novo
PR:
  name: Praia
  names: Praia
RG:
  name: Ribeira Grande
  names:
  - Santiago
SD:
  name: São Domingos
  names: São Domingos
SF:
  name: São Filipe
  names: São Filipe
SL:
  name: Sal
  names: Sal
SN:
  name: São Nicolau
  names: São Nicolau
SV:
  name: São Vicente
  names: São Vicente
TA:
  name: Tarrafal
  names: Tarrafal
