---
'015':
  name: København
  names: København
'020':
  name: Frederiksborg
  names: Frederiksborg
'025':
  name: Roskilde
  names: Roskilde
'030':
  name: Vestsjælland
  names: Vestsjælland
'035':
  name: Storstrøm
  names: Storstrøm
'040':
  name: Bornholm
  names: Bornholm
'042':
  name: Fyn
  names: Fyn
'050':
  name: Sønderjylland
  names: Sønderjylland
'055':
  name: Ribe
  names: Ribe
'060':
  name: Vejle
  names: Vejle
'065':
  name: Ringkøbing
  names: Ringkøbing
'070':
  name: "Århus"
  names: "Århus"
'076':
  name: Viborg
  names: Viborg
080:
  name: Nordjylland
  names: Nordjylland
'101':
  name: København City
  names: København City
'147':
  name: Frederiksberg City
  names: Frederiksberg City
'81':
  name: North Jutland
  names:
  - Nordjylland
'82':
  name: Central Jutland
  names:
  - Midtjylland
'83':
  name: South Denmark
  names:
  - Syddanmark
'84':
  name: Capital
  names:
  - Region Hovedstaden
'85':
  name: Zeeland
  names:
  - Sjælland
