---
'01':
  name: Ain
  names: Ain
'02':
  name: Aisne
  names: Aisne
'03':
  name: Allier
  names: Allier
'04':
  name: Alpes-de-Haute-Provence
  names: Alpes-de-Haute-Provence
'05':
  name: Hautes-Alpes
  names: Hautes-Alpes
'06':
  name: Alpes-Maritimes
  names: Alpes-Maritimes
'07':
  name: Ardèche
  names: Ardèche
08:
  name: Ardennes
  names: Ardennes
09:
  name: Ariège
  names: Ariège
'10':
  name: Aube
  names: Aube
'11':
  name: Aude
  names: Aude
'12':
  name: Aveyron
  names: Aveyron
'13':
  name: Bouches-du-Rhône
  names: Bouches-du-Rhône
'14':
  name: Calvados
  names: Calvados
'15':
  name: Cantal
  names: Cantal
'16':
  name: Charente
  names: Charente
'17':
  name: Charente-Maritime
  names: Charente-Maritime
'18':
  name: Cher
  names: Cher
'19':
  name: Corrèze
  names: Corrèze
'21':
  name: Côte-d'Or
  names: Côte-d'Or
'22':
  name: Côtes-d'Armor
  names:
  - Côtes-du-Nord
'23':
  name: Creuse
  names: Creuse
'24':
  name: Dordogne
  names: Dordogne
'25':
  name: Doubs
  names: Doubs
'26':
  name: Drôme
  names: Drôme
'27':
  name: Eure
  names: Eure
'28':
  name: Eure-et-Loir
  names: Eure-et-Loir
'29':
  name: Finistère
  names: Finistère
2A:
  name: Corse-du-Sud
  names: Corse-du-Sud
2B:
  name: Haute-Corse
  names: Haute-Corse
'30':
  name: Gard
  names: Gard
'31':
  name: Haute-Garonne
  names: Haute-Garonne
'32':
  name: Gers
  names: Gers
'33':
  name: Gironde
  names: Gironde
'34':
  name: Hérault
  names: Hérault
'35':
  name: Ille-et-Vilaine
  names: Ille-et-Vilaine
'36':
  name: Indre
  names: Indre
'37':
  name: Indre-et-Loire
  names: Indre-et-Loire
'38':
  name: Isère
  names: Isère
'39':
  name: Jura
  names: Jura
'40':
  name: Landes
  names: Landes
'41':
  name: Loir-et-Cher
  names: Loir-et-Cher
'42':
  name: Loire
  names: Loire
'43':
  name: Haute-Loire
  names: Haute-Loire
'44':
  name: Loire-Atlantique
  names: Loire-Atlantique
'45':
  name: Loiret
  names: Loiret
'46':
  name: Lot
  names: Lot
'47':
  name: Lot-et-Garonne
  names: Lot-et-Garonne
'48':
  name: Lozère
  names: Lozère
'49':
  name: Maine-et-Loire
  names: Maine-et-Loire
'50':
  name: Manche
  names: Manche
'51':
  name: Marne
  names: Marne
'52':
  name: Haute-Marne
  names: Haute-Marne
'53':
  name: Mayenne
  names: Mayenne
'54':
  name: Meurthe-et-Moselle
  names: Meurthe-et-Moselle
'55':
  name: Meuse
  names: Meuse
'56':
  name: Morbihan
  names: Morbihan
'57':
  name: Moselle
  names: Moselle
'58':
  name: Nièvre
  names: Nièvre
'59':
  name: Nord
  names: Nord
'60':
  name: Oise
  names: Oise
'61':
  name: Orne
  names: Orne
'62':
  name: Pas-de-Calais
  names: Pas-de-Calais
'63':
  name: Puy-de-Dôme
  names: Puy-de-Dôme
'64':
  name: Pyrénées-Atlantiques
  names: Pyrénées-Atlantiques
'65':
  name: Hautes-Pyrénées
  names: Hautes-Pyrénées
'66':
  name: Pyrénées-Orientales
  names: Pyrénées-Orientales
'67':
  name: Bas-Rhin
  names: Bas-Rhin
'68':
  name: Haut-Rhin
  names: Haut-Rhin
'69':
  name: Rhône
  names: Rhône
'70':
  name: Haute-Saône
  names: Haute-Saône
'71':
  name: Saône-et-Loire
  names: Saône-et-Loire
'72':
  name: Sarthe
  names: Sarthe
'73':
  name: Savoie
  names: Savoie
'74':
  name: Haute-Savoie
  names: Haute-Savoie
'75':
  name: Paris
  names: Paris
'76':
  name: Seine-Maritime
  names: Seine-Maritime
'77':
  name: Seine-et-Marne
  names: Seine-et-Marne
'78':
  name: Yvelines
  names: Yvelines
'79':
  name: Deux-Sèvres
  names: Deux-Sèvres
'80':
  name: Somme
  names: Somme
'81':
  name: Tarn
  names: Tarn
'82':
  name: Tarn-et-Garonne
  names: Tarn-et-Garonne
'83':
  name: Var
  names: Var
'84':
  name: Vaucluse
  names: Vaucluse
'85':
  name: Vendée
  names: Vendée
'86':
  name: Vienne
  names: Vienne
'87':
  name: Haute-Vienne
  names: Haute-Vienne
'88':
  name: Vosges
  names: Vosges
'89':
  name: Yonne
  names: Yonne
'90':
  name: Territoire de Belfort
  names: Territoire de Belfort
'91':
  name: Essonne
  names: Essonne
'92':
  name: Hauts-de-Seine
  names: Hauts-de-Seine
'93':
  name: Seine-Saint-Denis
  names: Seine-Saint-Denis
'94':
  name: Val-de-Marne
  names: Val-de-Marne
'95':
  name: Val-d'Oise
  names: Val-d'Oise
NC:
  name: Nouvelle-Calédonie (see also separate entry under NC)
  names: Nouvelle-Calédonie (see also separate entry under NC)
PF:
  name: Polynésie française (see also separate entry under PF)
  names: Polynésie française (see also separate entry under PF)
PM:
  name: Saint-Pierre-et-Miquelon (see also separate entry under PM)
  names: Saint-Pierre-et-Miquelon (see also separate entry under PM)
TF:
  name: Terres Australes Françaises (see also separate entry under TF)
  names: Terres Australes Françaises (see also separate entry under TF)
WF:
  name: Wallis et Futuna (see also separate entry under WF)
  names: Wallis et Futuna (see also separate entry under WF)
YT:
  name: Mayotte (see also separate entry under YT)
  names: Mayotte (see also separate entry under YT)
