---
ABD:
  name: Aberdeenshire
  names:
  - Siorrachd Obar Dheathain
ABE:
  name: Aberdeen City
  names:
  - Aberdeen City
AGB:
  name: Argyll and Bute
  names: Argyll and Bute
AGY:
  name: Isle of Anglesey [Sir Ynys Môn GB-YNM]
  names:
  - Ynys Môn
ANS:
  name: Angus
  names: Angus
ANT:
  name: Antrim
  names: Antrim
ARD:
  name: Ards
  names: Ards
ARM:
  name: Armagh
  names: Armagh
BAS:
  name: Bath and North East Somerset
  names: Bath and North East Somerset
BBD:
  name: Blackburn with Darwen
  names: Blackburn with Darwen
BDF:
  name: Bedfordshire
  names: Bedfordshire
BDG:
  name: Barking and Dagenham
  names: Barking and Dagenham
BEN:
  name: Brent
  names: Brent
BEX:
  name: Bexley
  names: Bexley
BFS:
  name: Belfast
  names: Belfast
BGE:
  name: Bridgend [Pen-y-bont ar Ogwr GB-POG]
  names:
  - Pen-y-bont ar Ogwr
BGW:
  name: Blaenau Gwent
  names: Blaenau Gwent
BIR:
  name: Birmingham
  names: Birmingham
BKM:
  name: Buckinghamshire
  names: Buckinghamshire
BLA:
  name: Ballymena
  names: Ballymena
BLY:
  name: Ballymoney
  names: Ballymoney
BMH:
  name: Bournemouth
  names: Bournemouth
BNB:
  name: Banbridge
  names: Banbridge
BNE:
  name: Barnet
  names: Barnet
BNH:
  name: Brighton and Hove
  names: Brighton and Hove
BNS:
  name: Barnsley
  names: Barnsley
BOL:
  name: Bolton
  names: Bolton
BPL:
  name: Blackpool
  names: Blackpool
BRC:
  name: Bracknell Forest
  names: Bracknell Forest
BRD:
  name: Bradford
  names: Bradford
BRY:
  name: Bromley
  names: Bromley
BST:
  name: Bristol, City of
  names:
  - City of Bristol
BUR:
  name: Bury
  names: Bury
CAM:
  name: Cambridgeshire
  names: Cambridgeshire
CAY:
  name: Caerphilly [Caerffili GB-CAF]
  names:
  - Caerffili
CGN:
  name: Ceredigion [Sir Ceredigion]
  names: Ceredigion [Sir Ceredigion]
CGV:
  name: Craigavon
  names: Craigavon
CHS:
  name: Cheshire
  names: Cheshire
CKF:
  name: Carrickfergus
  names: Carrickfergus
CKT:
  name: Cookstown
  names: Cookstown
CLD:
  name: Calderdale
  names: Calderdale
CLK:
  name: Clackmannanshire
  names: Clackmannanshire
CLR:
  name: Coleraine
  names: Coleraine
CMA:
  name: Cumbria
  names: Cumbria
CMD:
  name: Camden
  names: Camden
CMN:
  name: Carmarthenshire [Sir Gaerfyrddin GB-GFY]
  names:
  - Sir Gaerfyrddin
CON:
  name: Cornwall
  names:
  - Cornwall and Isles of Scilly
COV:
  name: Coventry
  names: Coventry
CRF:
  name: Cardiff [Caerdydd GB-CRD]
  names:
  - Caerdydd
CRY:
  name: Croydon
  names: Croydon
CSR:
  name: Castlereagh
  names: Castlereagh
CWY:
  name: Conwy
  names:
  - Aberconwy and Colwyn
DAL:
  name: Darlington
  names: Darlington
DBY:
  name: Derbyshire
  names: Derbyshire
DEN:
  name: Denbighshire [Sir Ddinbych GB-DDB]
  names:
  - Sir Ddinbych
DER:
  name: Derby
  names: Derby
DEV:
  name: Devon
  names: Devon
DGN:
  name: Dungannon
  names: Dungannon
DGY:
  name: Dumfries and Galloway
  names: Dumfries and Galloway
DNC:
  name: Doncaster
  names: Doncaster
DND:
  name: Dundee City
  names:
  - Dundee City
DOR:
  name: Dorset
  names: Dorset
DOW:
  name: Down
  names: Down
DRY:
  name: Derry
  names: Derry
DUD:
  name: Dudley
  names: Dudley
DUR:
  name: Durham
  names: Durham
EAL:
  name: Ealing
  names: Ealing
EAY:
  name: East Ayrshire
  names: East Ayrshire
EDH:
  name: Edinburgh, City of
  names:
  - City of Edinburgh
EDU:
  name: East Dunbartonshire
  names: East Dunbartonshire
ELN:
  name: East Lothian
  names: East Lothian
ELS:
  name: Eilean Siar
  names:
  - Western Isles
ENF:
  name: Enfield
  names: Enfield
ERW:
  name: East Renfrewshire
  names: East Renfrewshire
ERY:
  name: East Riding of Yorkshire
  names: East Riding of Yorkshire
ESS:
  name: Essex
  names: Essex
ESX:
  name: East Sussex
  names: East Sussex
FAL:
  name: Falkirk
  names: Falkirk
FER:
  name: Fermanagh
  names: Fermanagh
FIF:
  name: Fife
  names: Fife
FLN:
  name: Flintshire [Sir y Fflint GB-FFL]
  names:
  - Sir y Fflint
GAT:
  name: Gateshead
  names: Gateshead
GLG:
  name: Glasgow City
  names:
  - Glasgow City
GLS:
  name: Gloucestershire
  names: Gloucestershire
GRE:
  name: Greenwich
  names: Greenwich
GWN:
  name: Gwynedd
  names: Gwynedd
HAL:
  name: Halton
  names: Halton
HAM:
  name: Hampshire
  names: Hampshire
HAV:
  name: Havering
  names: Havering
HCK:
  name: Hackney
  names: Hackney
HEF:
  name: Herefordshire, County of
  names:
  - County of Herefordshire
HIL:
  name: Hillingdon
  names: Hillingdon
HLD:
  name: Highland
  names: Highland
HMF:
  name: Hammersmith and Fulham
  names: Hammersmith and Fulham
HNS:
  name: Hounslow
  names: Hounslow
HPL:
  name: Hartlepool
  names: Hartlepool
HRT:
  name: Hertfordshire
  names: Hertfordshire
HRW:
  name: Harrow
  names: Harrow
HRY:
  name: Haringey
  names: Haringey
IOS:
  name: Isles of Scilly
  names: Isles of Scilly
IOW:
  name: Isle of Wight
  names: Isle of Wight
ISL:
  name: Islington
  names: Islington
IVC:
  name: Inverclyde
  names: Inverclyde
KEC:
  name: Kensington and Chelsea
  names: Kensington and Chelsea
KEN:
  name: Kent
  names: Kent
KHL:
  name: Kingston upon Hull, City of
  names:
  - City of Kingston upon Hull
KIR:
  name: Kirklees
  names: Kirklees
KTT:
  name: Kingston upon Thames
  names: Kingston upon Thames
KWL:
  name: Knowsley
  names: Knowsley
LAN:
  name: Lancashire
  names: Lancashire
LBH:
  name: Lambeth
  names: Lambeth
LCE:
  name: Leicester
  names: Leicester
LDS:
  name: Leeds
  names: Leeds
LEC:
  name: Leicestershire
  names: Leicestershire
LEW:
  name: Lewisham
  names: Lewisham
LIN:
  name: Lincolnshire
  names: Lincolnshire
LIV:
  name: Liverpool
  names: Liverpool
LMV:
  name: Limavady
  names: Limavady
LND:
  name: London, City of
  names: London, City of
LRN:
  name: Larne
  names: Larne
LSB:
  name: Lisburn
  names: Lisburn
LUT:
  name: Luton
  names: Luton
MAN:
  name: Manchester
  names: Manchester
MDB:
  name: Middlesbrough
  names: Middlesbrough
MDW:
  name: Medway
  names: Medway
MFT:
  name: Magherafelt
  names: Magherafelt
MIK:
  name: Milton Keynes
  names: Milton Keynes
MLN:
  name: Midlothian
  names: Midlothian
MON:
  name: Monmouthshire [Sir Fynwy GB-FYN]
  names:
  - Sir Fynwy
MRT:
  name: Merton
  names: Merton
MRY:
  name: Moray
  names: Moray
MTY:
  name: Merthyr Tydfil [Merthyr Tudful GB-MTU]
  names:
  - Merthyr Tudful
MYL:
  name: Moyle
  names: Moyle
NAY:
  name: North Ayrshire
  names: North Ayrshire
NBL:
  name: Northumberland
  names: Northumberland
NDN:
  name: North Down
  names: North Down
NEL:
  name: North East Lincolnshire
  names: North East Lincolnshire
NET:
  name: Newcastle upon Tyne
  names: Newcastle upon Tyne
NFK:
  name: Norfolk
  names: Norfolk
NGM:
  name: Nottingham
  names: Nottingham
NLK:
  name: North Lanarkshire
  names: North Lanarkshire
NLN:
  name: North Lincolnshire
  names: North Lincolnshire
NSM:
  name: North Somerset
  names: North Somerset
NTA:
  name: Newtownabbey
  names: Newtownabbey
NTH:
  name: Northamptonshire
  names: Northamptonshire
NTL:
  name: Neath Port Talbot [Castell-nedd Port Talbot GB-CTL]
  names:
  - Castell-nedd Porth Talbot
NTT:
  name: Nottinghamshire
  names: Nottinghamshire
NTY:
  name: North Tyneside
  names: North Tyneside
NWM:
  name: Newham
  names: Newham
NWP:
  name: Newport [Casnewydd GB-CNW]
  names:
  - Casnewydd
NYK:
  name: North Yorkshire
  names: North Yorkshire
NYM:
  name: Newry and Mourne
  names: Newry and Mourne
OLD:
  name: Oldham
  names: Oldham
OMH:
  name: Omagh
  names: Omagh
ORK:
  name: Orkney Islands
  names: Orkney Islands
OXF:
  name: Oxfordshire
  names: Oxfordshire
PEM:
  name: Pembrokeshire [Sir Benfro GB-BNF]
  names:
  - Sir Benfro
PKN:
  name: Perth and Kinross
  names: Perth and Kinross
PLY:
  name: Plymouth
  names: Plymouth
POL:
  name: Poole
  names: Poole
POR:
  name: Portsmouth
  names: Portsmouth
POW:
  name: Powys
  names: Powys
PTE:
  name: Peterborough
  names: Peterborough
RCC:
  name: Redcar and Cleveland
  names: Redcar and Cleveland
RCH:
  name: Rochdale
  names: Rochdale
RCT:
  name: Rhondda, Cynon, Taff [Rhondda, Cynon,Taf]
  names:
  - Rhondda Cynon Tâf
RDB:
  name: Redbridge
  names: Redbridge
RDG:
  name: Reading
  names: Reading
RFW:
  name: Renfrewshire
  names: Renfrewshire
RIC:
  name: Richmond upon Thames
  names: Richmond upon Thames
ROT:
  name: Rotherham
  names: Rotherham
RUT:
  name: Rutland
  names: Rutland
SAW:
  name: Sandwell
  names: Sandwell
SAY:
  name: South Ayrshire
  names: South Ayrshire
SCB:
  name: Scottish Borders, The
  names:
  - The Scottish Border
SFK:
  name: Suffolk
  names: Suffolk
SFT:
  name: Sefton
  names: Sefton
SGC:
  name: South Gloucestershire
  names: South Gloucestershire
SHF:
  name: Sheffield
  names: Sheffield
SHN:
  name: St. Helens
  names: St. Helens
SHR:
  name: Shropshire
  names: Shropshire
SKP:
  name: Stockport
  names: Stockport
SLF:
  name: Salford
  names: Salford
SLG:
  name: Slough
  names: Slough
SLK:
  name: South Lanarkshire
  names: South Lanarkshire
SND:
  name: Sunderland
  names: Sunderland
SOL:
  name: Solihull
  names: Solihull
SOM:
  name: Somerset
  names: Somerset
SOS:
  name: Southend-on-Sea
  names: Southend-on-Sea
SRY:
  name: Surrey
  names: Surrey
STB:
  name: Strabane
  names: Strabane
STE:
  name: Stoke-on-Trent
  names: Stoke-on-Trent
STG:
  name: Stirling
  names: Stirling
STH:
  name: Southampton
  names: Southampton
STN:
  name: Sutton
  names: Sutton
STS:
  name: Staffordshire
  names: Staffordshire
STT:
  name: Stockton-on-Tees
  names: Stockton-on-Tees
STY:
  name: South Tyneside
  names: South Tyneside
SWA:
  name: Swansea [Abertawe GB-ATA]
  names:
  - Abertawe
SWD:
  name: Swindon
  names: Swindon
SWK:
  name: Southwark
  names: Southwark
TAM:
  name: Tameside
  names: Tameside
TFW:
  name: Telford and Wrekin
  names: Telford and Wrekin
THR:
  name: Thurrock
  names: Thurrock
TOB:
  name: Torbay
  names: Torbay
TOF:
  name: Torfaen [Tor-faen]
  names:
  - Tor-faen
TRF:
  name: Trafford
  names: Trafford
TWH:
  name: Tower Hamlets
  names: Tower Hamlets
VGL:
  name: Vale of Glamorgan, The [Bro Morgannwg GB-BMG]
  names:
  - The Vale of Glamorgan
WAR:
  name: Warwickshire
  names: Warwickshire
WBK:
  name: West Berkshire
  names: West Berkshire
WDU:
  name: West Dunbartonshire
  names: West Dunbartonshire
WFT:
  name: Waltham Forest
  names: Waltham Forest
WGN:
  name: Wigan
  names: Wigan
WIL:
  name: Wiltshire
  names: Wiltshire
WKF:
  name: Wakefield
  names: Wakefield
WLL:
  name: Walsall
  names: Walsall
WLN:
  name: West Lothian
  names: West Lothian
WLV:
  name: Wolverhampton
  names: Wolverhampton
WND:
  name: Wandsworth
  names: Wandsworth
WNM:
  name: Windsor and Maidenhead
  names: Windsor and Maidenhead
WOK:
  name: Wokingham
  names: Wokingham
WOR:
  name: Worcestershire
  names: Worcestershire
WRL:
  name: Wirral
  names: Wirral
WRT:
  name: Warrington
  names: Warrington
WRX:
  name: Wrexham [Wrecsam GB-WRC]
  names:
  - Wrecsam
WSM:
  name: Westminster
  names: Westminster
WSX:
  name: West Sussex
  names: West Sussex
YOR:
  name: York
  names: York
ZET:
  name: Shetland Islands
  names: Shetland Islands
