---
'01':
  name: Aitolia-Akarnania
  names:
  - Aetolia and Acarnania
  - "Áitoloakarnanía"
'03':
  name: Voiotia
  names:
  - Boeotia
'04':
  name: Evvoia
  names:
  - Euboea
  - Evvoia
'05':
  name: Evrytania
  names:
  - Evrytania
'06':
  name: Fthiotis
  names:
  - Phtiotis
'07':
  name: Fokis
  names:
  - Phocis
  - Phokis
'11':
  name: Argolis
  names: Argolis
'12':
  name: Arkadia
  names:
  - Arcadia
'13':
  name: Achaïa
  names:
  - Achaia
  - Akhaia
'14':
  name: Ileia
  names:
  - Elia
'15':
  name: Korinthia
  names:
  - Corinth
  - Korinth
  - Kórinthos
'16':
  name: Lakonia
  names:
  - Laconia
'17':
  name: Messinia
  names:
  - Messenia
'21':
  name: Zakynthos
  names:
  - Zakynthos
  - Zante
  - Zanti
'22':
  name: Kerkyra
  names:
  - Corfu
  - Kerkyra
  - Korfu
'23':
  name: Kefallinia
  names:
  - Cephalonia
  - Kefallinia
'24':
  name: Lefkas
  names:
  - Leucas
  - Levkáda
  - Santa Maura
'31':
  name: Arta
  names: Arta
'32':
  name: Thesprotia
  names: Thesprotia
'33':
  name: Ioannina
  names:
  - Yannina
'34':
  name: Preveza
  names: Preveza
'41':
  name: Karditsa
  names: Karditsa
'42':
  name: Larisa
  names:
  - Larissa
'43':
  name: Magnisia
  names:
  - Magnesia
  - Magnessia
'44':
  name: Trikala
  names:
  - Trikala
  - Trikkala
'51':
  name: Grevena
  names: Grevena
'52':
  name: Drama
  names: Drama
'53':
  name: Imathia
  names: Imathia
'54':
  name: Thessaloniki
  names:
  - Salonika
  - Salonike
  - Saloniki
  - Thessalonike
'55':
  name: Kavalla
  names:
  - Cavalla
  - Kaválla
'56':
  name: Kastoria
  names: Kastoria
'57':
  name: Kilkis
  names: Kilkis
'58':
  name: Kozani
  names: Kozani
'59':
  name: Pella
  names: Pella
'61':
  name: Pieria
  names: Pieria
'62':
  name: Serrai
  names:
  - Serres
'63':
  name: Florina
  names: Florina
'64':
  name: Chalkidiki
  names:
  - Chalcidice
  - Khalkikdiki
'69':
  name: Agio Oros
  names:
  - Aghion Oros
  - Agion Oros
  - Akte
  - Aktí
  - Athos
  - Mount Athos
'71':
  name: Evros
  names: Evros
'72':
  name: Xanthi
  names: Xanthi
'73':
  name: Rodopi
  names:
  - Rhodope
'81':
  name: Dodekanisos
  names:
  - Dodecanese
  - Dodekanes
'82':
  name: Kyklades
  names:
  - Cyclades
  - Kykladen
'83':
  name: Lesvos
  names:
  - Lesbos
'84':
  name: Samos
  names: Samos
'85':
  name: Chios
  names:
  - Chios
  - Khios
'91':
  name: Irakleion
  names:
  - Candia
  - Herakleion
  - Heraklion
  - Iraclion
  - Iraklio
'92':
  name: Lasithion
  names:
  - Lassithi
'93':
  name: Rethymnon
  names: Rethymnon
'94':
  name: Chania
  names:
  - Canea
  - Chania
  - Khaniá
  - La Canée
A1:
  name: Attiki
  names:
  - Attica
  - Attika
