---
AV:
  name: Alta Verapaz
  names: Alta Verapaz
BV:
  name: Baja Verapaz
  names: Baja Verapaz
CM:
  name: Chimaltenango
  names: Chimaltenango
CQ:
  name: Chiquimula
  names: Chiquimula
ES:
  name: Escuintla
  names: Escuintla
GU:
  name: Guatemala
  names: Guatemala
HU:
  name: Huehuetenango
  names: Huehuetenango
IZ:
  name: Izabal
  names: Izabal
JA:
  name: Jalapa
  names: Jalapa
JU:
  name: Jutiapa
  names: Jutiapa
PE:
  name: Petén
  names: Petén
PR:
  name: El Progreso
  names: El Progreso
QC:
  name: Quiché
  names: Quiché
QZ:
  name: Quetzaltenango
  names:
  - Quetzaltenango
RE:
  name: Retalhuleu
  names: Retalhuleu
SA:
  name: Sacatepéquez
  names: Sacatepéquez
SM:
  name: San Marcos
  names: San Marcos
SO:
  name: Sololá
  names: Sololá
SR:
  name: Santa Rosa
  names: Santa Rosa
SU:
  name: Suchitepéquez
  names: Suchitepéquez
TO:
  name: Totonicapán
  names: Totonicapán
ZA:
  name: Zacapa
  names: Zacapa
