---
AT:
  name: Atlántida
  names: Atlántida
CH:
  name: Choluteca
  names: Choluteca
CL:
  name: Colón
  names: Colón
CM:
  name: Comayagua
  names: Comayagua
CP:
  name: Copán
  names: Copán
CR:
  name: Cortés
  names: Cortés
EP:
  name: El Paraíso
  names: El Paraíso
FM:
  name: Francisco Morazán
  names: Francisco Morazán
GD:
  name: Gracias a Dios
  names: Gracias a Dios
IB:
  name: Islas de la Bahía
  names: Islas de la Bahía
IN:
  name: Intibucá
  names: Intibucá
LE:
  name: Lempira
  names: Lempira
LP:
  name: La Paz
  names: La Paz
OC:
  name: Ocotepeque
  names: Ocotepeque
OL:
  name: Olancho
  names: Olancho
SB:
  name: Santa Bárbara
  names: Santa Bárbara
VA:
  name: Valle
  names: Valle
YO:
  name: Yoro
  names: Yoro
