---
'01':
  name: Zagrebačka županija
  names:
  - Zagreb County
'02':
  name: Krapinsko-zagorska županija
  names:
  - Krapina-Zagorje
'03':
  name: Sisačko-moslavačka županija
  names:
  - Sisak-Moslavina
'04':
  name: Karlovačka županija
  names:
  - Karlovac
'05':
  name: Varaždinska županija
  names:
  - Varaždin
'06':
  name: Koprivničko-križevačka županija
  names:
  - Koprivnica-Križevci
'07':
  name: Bjelovarsko-bilogorska županija
  names:
  - Bjelovar-Bilogora
08:
  name: Primorsko-goranska županija
  names:
  - Primorje-Gorski Kotar
09:
  name: Ličko-senjska županija
  names:
  - Lika-Senj
'10':
  name: Virovitičko-podravska županija
  names:
  - Virovitica-Podravina
'11':
  name: Požeško-slavonska županija
  names:
  - Požega-Slavonia
'12':
  name: Brodsko-posavska županija
  names:
  - Brod-Posavina
'13':
  name: Zadarska županija
  names:
  - Zadar
'14':
  name: Osječko-baranjska županija
  names:
  - Osijek-Baranja
'15':
  name: "Šibensko-kninska županija"
  names:
  - "Šibenik-Knin"
'16':
  name: Vukovarsko-srijemska županija
  names:
  - Vukovar-Sirmium
'17':
  name: Splitsko-dalmatinska županija
  names:
  - Split-Dalmatia
'18':
  name: Istarska županija
  names:
  - Istria
'19':
  name: Dubrovačko-neretvanska županija
  names:
  - Dubrovnik-Neretva
'20':
  name: Međimurska županija
  names:
  - Međimurje
'21':
  name: Grad Zagreb
  names:
  - City of Zagreb
