---
BA:
  name: Baranya
  names: Baranya
BC:
  name: Békéscsaba
  names: Békéscsaba
BE:
  name: Békés
  names: Békés
BK:
  name: Bács-Kiskun
  names: Bács-Kiskun
BU:
  name: Budapest
  names: Budapest
BZ:
  name: Borsod-Abaúj-Zemplén
  names: Borsod-Abaúj-Zemplén
CS:
  name: Csongrád
  names: Csongrád
DE:
  name: Debrecen
  names: Debrecen
DU:
  name: Dunaújváros
  names: Dunaújváros
EG:
  name: Eger
  names: Eger
ER:
  name: "Érd"
  names: "Érd"
FE:
  name: Fejér
  names: Fejér
GS:
  name: Győr-Moson-Sopron
  names: Győr-Moson-Sopron
GY:
  name: Győr
  names: Győr
HB:
  name: Hajdú-Bihar
  names: Hajdú-Bihar
HE:
  name: Heves
  names: Heves
HV:
  name: Hódmezővásárhely
  names: Hódmezővásárhely
JN:
  name: Jász-Nagykun-Szolnok
  names: Jász-Nagykun-Szolnok
KE:
  name: Komárom-Esztergom
  names: Komárom-Esztergom
KM:
  name: Kecskemét
  names: Kecskemét
KV:
  name: Kaposvár
  names: Kaposvár
MI:
  name: Miskolc
  names: Miskolc
NK:
  name: Nagykanizsa
  names: Nagykanizsa
'NO':
  name: Nógrád
  names: Nógrád
NY:
  name: Nyíregyháza
  names: Nyíregyháza
PE:
  name: Pest
  names: Pest
PS:
  name: Pécs
  names: Pécs
SD:
  name: Szeged
  names: Szeged
SF:
  name: Székesfehérvár
  names: Székesfehérvár
SH:
  name: Szombathely
  names: Szombathely
SK:
  name: Szolnok
  names: Szolnok
SN:
  name: Sopron
  names: Sopron
SO:
  name: Somogy
  names: Somogy
SS:
  name: Szekszárd
  names: Szekszárd
ST:
  name: Salgótarján
  names: Salgótarján
SZ:
  name: Szabolcs-Szatmár-Bereg
  names: Szabolcs-Szatmár-Bereg
TB:
  name: Tatabánya
  names: Tatabánya
TO:
  name: Tolna
  names: Tolna
VA:
  name: Vas
  names: Vas
VE:
  name: Veszprém
  names: Veszprém
VM:
  name: Veszprém
  names: Veszprém
ZA:
  name: Zala
  names: Zala
ZE:
  name: Zalaegerszeg
  names: Zalaegerszeg
