---
'01':
  name: Kingston
  names: Kingston
'02':
  name: Saint Andrew
  names: Saint Andrew
'03':
  name: Saint Thomas
  names: Saint Thomas
'04':
  name: Portland
  names: Portland
'05':
  name: Saint Mary
  names: Saint Mary
'06':
  name: Saint Ann
  names: Saint Ann
'07':
  name: Trelawny
  names: Trelawny
08:
  name: Saint James
  names: Saint James
09:
  name: Hanover
  names: Hanover
'10':
  name: Westmoreland
  names: Westmoreland
'11':
  name: Saint Elizabeth
  names: Saint Elizabeth
'12':
  name: Manchester
  names: Manchester
'13':
  name: Clarendon
  names: Clarendon
'14':
  name: Saint Catherine
  names: Saint Catherine
