---
'1':
  name: Banteay Mean Chey [Bântéay Méanchey]
  names:
  - Banteay Mean Chey [Bântéay Méanchey]
  - banteay meanchey
  - b.chey
  - bm
  - b.m
'10':
  name: Kracheh [Krâchéh]
  names:
  - Kratié
  - Kratie
  - kr.ch
  - kr
  - k.r
'11':
  name: Mondol Kiri [Môndól Kiri]
  names:
  - Mondolkiri
  - Mondulkiri
  - m.ri
  - mk
  - m.k
'12':
  name: Phnom Penh [Phnum Pénh]
  names:
  - Phnom Penh
  - pp
  - p.p
'13':
  name: Preah Vihear [Preah Vihéar]
  names:
  - Preah Vihear [Preah Vihéar]
  - pr.h
  - ph
  - p.h
'14':
  name: Prey Veaeng [Prey Vêng]
  names:
  - Prey Vêng
  - Prey Veng
  - pr.v
  - pv
  - p.v
'15':
  name: Pousaat [Pouthisat]
  names:
  - Poŭthĭsăt
  - Pursat
  - p.s
  - ps
'16':
  name: Rotanak Kiri [Rôtânôkiri]
  names:
  - Ratanakiri
  - Rotanokiri
  - Rôtanah Kiri
  - r.r
  - rr
  - rk
  - r.k
'17':
  name: Siem Reab [Siemréab]
  names:
  - Siem Reap
  - Siemréab
  - s.r
  - sr
'18':
  name: Krong Preah Sihanouk [Krong Preah Sihanouk]
  names:
  - Preah Seihânu
  - Sihanoukville
  - Kompong Som
  - Kampong Som
  - Kompong Saom
  - Kampong Saom
  - k.som
  - k.saom
  - s.v
'19':
  name: Stueng Traeng [Stœ?ng Trêng]
  names:
  - Stoeng Trêng
  - Stung Treng
  - s.t
  - st
'2':
  name: Baat Dambang [Batdâmbâng]
  names:
  - Batdâmbâng
  - Battambang
  - bb
  - b.b
'20':
  name: Svaay Rieng [Svay Rieng]
  names:
  - Svaay Rieng [Svay Rieng]
  - svay rieng
  - sv.r
  - svr
'21':
  name: Taakaev [Takêv]
  names:
  - Takeo
  - Takêv
  - tk
  - t.k
'22':
  name: 'Otdar Mean Chey [Otdâr Méanchey] '
  names:
  - 'Otdar Mean Chey [Otdâr Méanchey] '
  - Oddar Meanchey
  - o.chey
  - om
  - o.m
'23':
  name: Krong Kep [Krong Kêb]
  names:
  - Krong Kep [Krong Kêb]
  - Kep
'24':
  name: Krong Pailin [Krong Pailin]
  names:
  - Krong Pailin [Krong Pailin]
  - Pailin
  - pl
  - p.l
'3':
  name: Kampong Chaam [Kâmpóng Cham]
  names:
  - Kompong Cham
  - Kompong Chaam
  - Kampong Cham
  - k.cham
  - kc
  - k.c
'4':
  name: Kampong Chhnang [Kâmpóng Chhnang]
  names:
  - Kompong Chhnang
  - k.chhnang
  - kn
  - k.n
'5':
  name: Kampong Spueu [Kâmpóng Spœ]
  names:
  - Kompong Speu
  - Kompong Spoe
  - Kampong Speu
  - Kampong Spoe
  - k.speu
  - ks
  - k.s
'6':
  name: Kampong Thum [Kâmpóng Thum]
  names:
  - Kompong Thom
  - Kompong Thum
  - Kampong Thom
  - Kampong Thum
  - k.thom
  - kt
  - k.t
'7':
  name: Kampot [Kâmpôt]
  names:
  - Kampot [Kâmpôt]
  - k.pot
  - kp
  - k.p
'8':
  name: Kandaal [Kândal]
  names:
  - Kandaal [Kândal]
  - Kandal
  - Kondal
  - kd
  - k.d
'9':
  name: Kaoh Kong [Kaôh Kong]
  names:
  - Koh Kong
  - kk
  - k.k
