---
'01':
  name: Christ Church Nichola Town
  names: Christ Church Nichola Town
'02':
  name: Saint Anne Sandy Point
  names: Saint Anne Sandy Point
'03':
  name: Saint George Basseterre
  names: Saint George Basseterre
'04':
  name: Saint George Gingerland
  names: Saint George Gingerland
'05':
  name: Saint James Windward
  names: Saint James Windward
'06':
  name: Saint John Capisterre
  names: Saint John Capisterre
'07':
  name: Saint John Figtree
  names: Saint John Figtree
08:
  name: Saint Mary Cayon
  names: Saint Mary Cayon
09:
  name: Saint Paul Capisterre
  names: Saint Paul Capisterre
'10':
  name: Saint Paul Charlestown
  names: Saint Paul Charlestown
'11':
  name: Saint Peter Basseterre
  names: Saint Peter Basseterre
'12':
  name: Saint Thomas Lowland
  names: Saint Thomas Lowland
'13':
  name: Saint Thomas Middle Island
  names: Saint Thomas Middle Island
'15':
  name: Trinity Palmetto Point
  names: Trinity Palmetto Point
