---
'11':
  name: Seoul Teugbyeolsi [Seoul-T'ukpyolshi]
  names:
  - Seoul
  - Soul
'26':
  name: Busan Gwang'yeogsi [Pusan-Kwangyokshi]
  names:
  - Busan
'27':
  name: Daegu Gwang'yeogsi [Taegu-Kwangyokshi]
  names:
  - Daegu
'28':
  name: Incheon Gwang'yeogsi [Inch'n-Kwangyokshi]
  names:
  - Incheon
  - Inchon
'29':
  name: Gwangju Gwang'yeogsi [Kwangju-Kwangyokshi]
  names:
  - Gwangju
'30':
  name: Daejeon Gwang'yeogsi [Taejon-Kwangyokshi]
  names:
  - Daejeon
  - Taejeon
  - Taejon
'31':
  name: Ulsan Gwang'yeogsi [Ulsan-Kwangyokshi]
  names: Ulsan Gwang'yeogsi [Ulsan-Kwangyokshi]
'41':
  name: Gyeonggido [Kyonggi-do]
  names: Gyeonggido [Kyonggi-do]
'42':
  name: Gang'weondo [Kang-won-do]
  names:
  - Kangwon
'43':
  name: Chungcheongbugdo [Ch'ungch'ongbuk-do]
  names:
  - North Chungchong
'44':
  name: Chungcheongnamdo [Ch'ungch'ongnam-do]
  names:
  - South Chungchong
'45':
  name: Jeonrabugdo[Chollabuk-do]
  names:
  - Chollapuk
  - North Cholla
'46':
  name: Jeonranamdo [Chollanam-do]
  names:
  - South Cholla
'47':
  name: Gyeongsangbugdo [Kyongsangbuk-do]
  names:
  - North Kyongsang
'48':
  name: Gyeongsangnamdo [Kyongsangnam-do]
  names:
  - Gyeongsangnamdo/ Kyongsang-namdo/ South Kyongsang
'49':
  name: Jejudo [Cheju-do]
  names:
  - Jeju
  - Quelpart
