---
AKM:
  name: Aqmola oblysy
  names:
  - Akmola
  - Akmolinsk
  - Aķmola
  - Celinograd
  - Tselinograd
AKT:
  name: Aqtöbe oblysy
  names:
  - Aktjubinsk
  - Aktyubinsk
  - Aktöbe
  - Aktʿubinsk
ALA:
  name: Almaty
  names:
  - Almati Oblasti
  - Almaty Oblasty
  - Almatı
ALM:
  name: Almaty oblysy
  names: Almaty oblysy
AST:
  name: Astana
  names: Astana
ATY:
  name: Atyrau oblysy
  names:
  - Ateransk
  - Aterau
  - Atirau
  - Atırau
  - Gurjev
  - Guryev
BAY:
  name: Bayqongyr
  names: Bayqongyr
KAR:
  name: Qaraghandy oblysy
  names:
  - Karaganda
  - Karagandi
  - Karagandy
  - Qaraghandy
  - "Ķaragandı"
KUS:
  name: Qostanay oblysy
  names:
  - Kostanay
  - Kustanai
  - Kustanaj
  - Kustanay
  - "Ķostanay"
KZY:
  name: Qyzylorda oblysy
  names:
  - Ak-Mechet
  - Kizilorda
  - Kyzyl-Orda
  - Kyzylorda
  - Kzyl-Orda
  - Qyzylorda
  - "Ķızılorda"
MAN:
  name: Mangghystau oblysy
  names:
  - Mangghystau
  - Mangistau
  - Mangkistau
  - Mangqystau
PAV:
  name: Pavlodar oblysy
  names: Pavlodar oblysy
SEV:
  name: Soltüstik Qazaqstan oblysy
  names:
  - Northern Kazakhstan
  - Soltüstik Kazakstan
  - Soltüstik Qazaqstan
VOS:
  name: Shyghys Qazaqstan oblysy
  names:
  - Eastern Kazakhstan
  - Shyghys Qazaqstan
  - Sigis Kazakstan
YUZ:
  name: Ongtüstik Qazaqstan oblysy
  names:
  - Ongtüstik Qazaqstan
  - Ongtüstük Kazakstan
  - Southern Kazakhstan
ZAP:
  name: Batys Qazaqstan oblysy
  names:
  - Batis Kazakstan
  - Batys Qazaqstan
  - Uralsk
  - Uralskaya Oblast
  - Western Kazakhstan
ZHA:
  name: Zhambyl oblysy
  names:
  - Aulie-Ata
  - Auliye-Ata
  - Cambil
  - Cambıl
  - Djambul
  - Dzhambul
  - Zhambul
  - Zhambyl
  - Zhambül
