---
AL:
  name: Alytaus Apskritis
  names: Alytaus Apskritis
KL:
  name: Klaipedos Apskritis
  names:
  - Klaipedos
KU:
  name: Kauno Apskritis
  names: Kauno Apskritis
MR:
  name: Marijampoles Apskritis
  names:
  - Mariampoles
PN:
  name: Panevežio Apskritis
  names:
  - Panevezhio
SA:
  name: "Šiauliu Apskritis"
  names:
  - Shiauliu
TA:
  name: Taurages Apskritis
  names:
  - Taurages
TE:
  name: Telšiu Apskritis
  names:
  - Telshiu
UT:
  name: Utenos Apskritis
  names: Utenos Apskritis
VL:
  name: Vilniaus Apskritis
  names: Vilniaus Apskritis
