---
AI:
  name: Aizkraukles Aprinkis
  names: Aizkraukles Aprinkis
AL:
  name: Aluksnes Aprinkis
  names: Aluksnes Aprinkis
BL:
  name: Balvu Aprinkis
  names: Balvu Aprinkis
BU:
  name: Bauskas Aprinkis
  names: Bauskas Aprinkis
CE:
  name: Cesu Aprinkis
  names: Cesu Aprinkis
DA:
  name: Daugavpils Aprinkis
  names: Daugavpils Aprinkis
DGV:
  name: Daugavpils
  names: Daugavpils
DO:
  name: Dobeles Aprinkis
  names: Dobeles Aprinkis
GU:
  name: Gulbenes Aprinkis
  names: Gulbenes Aprinkis
JEL:
  name: Jelgava
  names: Jelgava
JK:
  name: Jekabpils Aprinkis
  names: Jekabpils Aprinkis
JL:
  name: Jelgavas Aprinkis
  names: Jelgavas Aprinkis
JUR:
  name: Jurmala
  names: Jurmala
KR:
  name: Kraslavas Aprinkis
  names: Kraslavas Aprinkis
KU:
  name: Kuldigas Aprinkis
  names: Kuldigas Aprinkis
LE:
  name: Liepajas Aprinkis
  names: Liepajas Aprinkis
LM:
  name: Limbažu Aprinkis
  names: Limbažu Aprinkis
LPX:
  name: Liepaja
  names: Liepaja
LU:
  name: Ludzas Aprinkis
  names: Ludzas Aprinkis
MA:
  name: Madonas Aprinkis
  names: Madonas Aprinkis
OG:
  name: Ogres Aprinkis
  names: Ogres Aprinkis
PR:
  name: Preilu Aprinkis
  names:
  - Preiju
RE:
  name: Rezeknes Aprinkis
  names: Rezeknes Aprinkis
REZ:
  name: Rezekne
  names: Rezekne
RI:
  name: Rigas Aprinkis
  names: Rigas Aprinkis
RIX:
  name: Riga
  names: Riga
SA:
  name: Saldus Aprinkis
  names: Saldus Aprinkis
TA:
  name: Talsu Aprinkis
  names: Talsu Aprinkis
TU:
  name: Tukuma Aprinkis
  names: Tukuma Aprinkis
VE:
  name: Ventspils Aprinkis
  names: Ventspils Aprinkis
VEN:
  name: Ventspils
  names: Ventspils
VK:
  name: Valkas Aprinkis
  names: Valkas Aprinkis
VM:
  name: Valmieras Aprinkis
  names: Valmieras Aprinkis
