---
BA:
  name: Balti
  names: Balti
CA:
  name: Cahul
  names: Cahul
CH:
  name: Chisinau City
  names: Chisinau City
CU:
  name: Chisinau
  names: Chisinau
ED:
  name: Edinet
  names: Edinet
GA:
  name: Gagauzia, Unitate Teritoriala Autonoma (UTAG)
  names: Gagauzia, Unitate Teritoriala Autonoma (UTAG)
LA:
  name: Lapusna
  names: Lapusna
OR:
  name: Orhei
  names: Orhei
SN:
  name: Stînga Nistrului, unitatea teritoriala din
  names: Stînga Nistrului, unitatea teritoriala din
SO:
  name: Soroca
  names: Soroca
TA:
  name: Taraclia
  names: Taraclia
TI:
  name: Tighina [Bender]
  names: Tighina [Bender]
UN:
  name: Ungheni
  names: Ungheni
