---
AB:
  name: Abia
  names: Abia
AD:
  name: Adamawa
  names:
  - Adamaoua
  - Gongola
AK:
  name: Akwa Ibom
  names: Akwa Ibom
AN:
  name: Anambra
  names: Anambra
BA:
  name: Bauchi
  names: Bauchi
BE:
  name: Benue
  names: Benue
BO:
  name: Borno
  names: Borno
BY:
  name: Bayelsa
  names: Bayelsa
CR:
  name: Cross River
  names: Cross River
DE:
  name: Delta
  names: Delta
EB:
  name: Ebonyi
  names: Ebonyi
ED:
  name: Edo
  names:
  - Bendel
EK:
  name: Ekiti
  names: Ekiti
EN:
  name: Enugu
  names: Enugu
FC:
  name: Abuja Capital Territory
  names: Abuja Capital Territory
GO:
  name: Gombe
  names: Gombe
IM:
  name: Imo
  names: Imo
JI:
  name: Jigawa
  names: Jigawa
KD:
  name: Kaduna
  names: Kaduna
KE:
  name: Kebbi
  names: Kebbi
KN:
  name: Kano
  names: Kano
KO:
  name: Kogi
  names: Kogi
KT:
  name: Katsina
  names: Katsina
KW:
  name: Kwara
  names: Kwara
LA:
  name: Lagos
  names: Lagos
NA:
  name: Nassarawa
  names:
  - Nasarawa
NI:
  name: Niger
  names: Niger
OG:
  name: Ogun
  names: Ogun
'ON':
  name: Ondo
  names: Ondo
OS:
  name: Osun
  names: Osun
OY:
  name: Oyo
  names: Oyo
PL:
  name: Plateau
  names: Plateau
RI:
  name: Rivers
  names: Rivers
SO:
  name: Sokoto
  names: Sokoto
TA:
  name: Taraba
  names: Taraba
YO:
  name: Yobe
  names: Yobe
ZA:
  name: Zamfara
  names: Zamfara
