---
ABR:
  name: Abra
  names: Abra
AGN:
  name: Agusan del Norte
  names: Agusan del Norte
AGS:
  name: Agusan del Sur
  names: Agusan del Sur
AKL:
  name: Aklan
  names: Aklan
ALB:
  name: Albay
  names: Albay
ANT:
  name: Antique
  names: Antique
APA:
  name: Apayao
  names: Apayao
AUR:
  name: Aurora
  names: Aurora
BAN:
  name: Bataan
  names: Bataan
BAS:
  name: Basilan
  names: Basilan
BEN:
  name: Benguet
  names: Benguet
BIL:
  name: Biliran
  names: Biliran
BOH:
  name: Bohol
  names: Bohol
BTG:
  name: Batangas
  names: Batangas
BTN:
  name: Batanes
  names: Batanes
BUK:
  name: Bukidnon
  names: Bukidnon
BUL:
  name: Bulacan
  names: Bulacan
CAG:
  name: Cagayan
  names: Cagayan
CAM:
  name: Camiguin
  names: Camiguin
CAN:
  name: Camarines Norte
  names: Camarines Norte
CAP:
  name: Capiz
  names: Capiz
CAS:
  name: Camarines Sur
  names: Camarines Sur
CAT:
  name: Catanduanes
  names: Catanduanes
CAV:
  name: Cavite
  names: Cavite
CEB:
  name: Cebu
  names: Cebu
COM:
  name: Compostela Valley
  names: Compostela Valley
DAO:
  name: Davao Oriental
  names: Davao Oriental
DAS:
  name: Davao del Sur
  names: Davao del Sur
DAV:
  name: Davao del Norte
  names:
  - Davao
EAS:
  name: Eastern Samar
  names: Eastern Samar
GUI:
  name: Guimaras
  names: Guimaras
IFU:
  name: Ifugao
  names: Ifugao
ILI:
  name: Iloilo
  names: Iloilo
ILN:
  name: Ilocos Norte
  names: Ilocos Norte
ILS:
  name: Ilocos Sur
  names: Ilocos Sur
ISA:
  name: Isabela
  names: Isabela
KAL:
  name: Kalinga
  names: Kalinga
LAG:
  name: Laguna
  names: Laguna
LAN:
  name: Lanao del Norte
  names: Lanao del Norte
LAS:
  name: Lanao del Sur
  names: Lanao del Sur
LEY:
  name: Leyte
  names: Leyte
LUN:
  name: La Union
  names: La Union
MAD:
  name: Marinduque
  names: Marinduque
MAG:
  name: Maguindanao
  names: Maguindanao
MAS:
  name: Masbate
  names: Masbate
MDC:
  name: Mindoro Occidental
  names: Mindoro Occidental
MDR:
  name: Mindoro Oriental
  names: Mindoro Oriental
MNL:
  name: ''
  names: ''
MOU:
  name: Mountain Province
  names: Mountain Province
MSC:
  name: Misamis Occidental
  names: Misamis Occidental
MSR:
  name: Misamis Oriental
  names: Misamis Oriental
NCO:
  name: North Cotabato
  names:
  - North Cotabato
NEC:
  name: Negros Occidental
  names: Negros Occidental
NER:
  name: Negros Oriental
  names: Negros Oriental
NSA:
  name: Northern Samar
  names: Northern Samar
NUE:
  name: Nueva Ecija
  names: Nueva Ecija
NUV:
  name: Nueva Vizcaya
  names: Nueva Vizcaya
PAM:
  name: Pampanga
  names: Pampanga
PAN:
  name: Pangasinan
  names: Pangasinan
PLW:
  name: Palawan
  names: Palawan
QUE:
  name: Quezon
  names: Quezon
QUI:
  name: Quirino
  names:
  - Angkaki
RIZ:
  name: Rizal
  names: Rizal
ROM:
  name: Romblon
  names: Romblon
SAR:
  name: Sarangani
  names: Sarangani
SCO:
  name: South Cotabato
  names: South Cotabato
SIG:
  name: Siquijor
  names: Siquijor
SLE:
  name: Southern Leyte
  names: Southern Leyte
SLU:
  name: Sulu
  names: Sulu
SOR:
  name: Sorsogon
  names: Sorsogon
SUK:
  name: Sultan Kudarat
  names: Sultan Kudarat
SUN:
  name: Surigao del Norte
  names: Surigao del Norte
SUR:
  name: Surigao del Sur
  names: Surigao del Sur
TAR:
  name: Tarlac
  names: Tarlac
TAW:
  name: Tawi-Tawi
  names: Tawi-Tawi
WSA:
  name: Western Samar
  names:
  - Western Samar
X1~:
  name: Dinagat
  names: Dinagat
X2~:
  name: Shariff Kabunsuan
  names: Shariff Kabunsuan
ZAN:
  name: Zamboanga del Norte
  names: Zamboanga del Norte
ZAS:
  name: Zamboanga del Sur
  names: Zamboanga del Sur
ZMB:
  name: Zambales
  names: Zambales
ZSI:
  name: Zamboanga Sibuguey [Zamboanga Sibugay]
  names: Zamboanga Sibuguey [Zamboanga Sibugay]
