---
CHA:
  name: Changhua
  names:
  - Changhua
CYI:
  name: Chiayi Municipality
  names:
  - Chiai
CYQ:
  name: Chiayi
  names: Chiayi
HSQ:
  name: Hsinchu
  names: Hsinchu
HSZ:
  name: Hsinchu Municipality
  names: Hsinchu Municipality
HUA:
  name: Hualien
  names:
  - Hualian
ILA:
  name: Ilan
  names: Ilan
KEE:
  name: Keelung Municipality
  names:
  - Chilung Shih
KHH:
  name: Kaohsiung Special Municipality
  names: Kaohsiung Special Municipality
KHQ:
  name: Kaohsiung
  names: Kaohsiung
MIA:
  name: Miaoli
  names: Miaoli
NAN:
  name: Nantou
  names: Nantou
PEN:
  name: Penghu
  names: Penghu
PIF:
  name: Pingtung
  names: Pingtung
TAO:
  name: Taoyuan
  names: Taoyuan
TNN:
  name: Tainan Municipality
  names: Tainan Municipality
TNQ:
  name: Tainan
  names: Tainan
TPE:
  name: Taipei Special Municipality
  names: Taipei Special Municipality
TPQ:
  name: Taipei
  names: Taipei
TTT:
  name: Taitung
  names:
  - Taidong
TXG:
  name: Taichung Municipality
  names: Taichung Municipality
TXQ:
  name: Taichung
  names: Taichung
YUN:
  name: Yunlin
  names: Yunlin
