---
'01':
  name: Arusha
  names: Arusha
'02':
  name: Dar es Salaam
  names:
  - Daressalam
'03':
  name: Dodoma
  names: Dodoma
'04':
  name: Iringa
  names: Iringa
'05':
  name: Kagera
  names:
  - Akagera
  - Ziwa Magharibi
'06':
  name: Kaskazini Pemba
  names: Kaskazini Pemba
'07':
  name: Kaskazini Unguja
  names:
  - Unguja
08:
  name: Kigoma
  names: Kigoma
09:
  name: Kilimanjaro
  names: Kilimanjaro
'10':
  name: Kusini Pemba
  names: Kusini Pemba
'11':
  name: Kusini Unguja
  names: Kusini Unguja
'12':
  name: Lindi
  names: Lindi
'13':
  name: Mara
  names: Mara
'14':
  name: Mbeya
  names: Mbeya
'15':
  name: Mjini Magharibi
  names: Mjini Magharibi
'16':
  name: Morogoro
  names: Morogoro
'17':
  name: Mtwara
  names:
  - Mtware
'18':
  name: Mwanza
  names: Mwanza
'19':
  name: Pwani
  names:
  - Coast
'20':
  name: Rukwa
  names: Rukwa
'21':
  name: Ruvuma
  names: Ruvuma
'22':
  name: Shinyanga
  names: Shinyanga
'23':
  name: Singida
  names: Singida
'24':
  name: Tabora
  names: Tabora
'25':
  name: Tanga
  names: Tanga
'26':
  name: Manyara
  names: Manyara
