--- 
VA: 
  name: Virginia
  names: Virginia
ND: 
  name: North Dakota
  names: North Dakota
NY: 
  name: New York
  names: New York
AL: 
  name: Alabama
  names: Alabama
RI: 
  name: Rhode Island
  names: Rhode Island
NE: 
  name: Nebraska
  names: Nebraska
MN: 
  name: Minnesota
  names: Minnesota
MD: 
  name: Maryland
  names: Maryland
HI: 
  name: Hawaii
  names: Hawaii
DE: 
  name: Delaware
  names: Delaware
CO: 
  name: Colorado
  names: Colorado
WY: 
  name: Wyoming
  names: Wyoming
UM: 
  name: United States Minor Outlying Islands (see also separate entry under UM)
  names: United States Minor Outlying Islands (see also separate entry under UM)
PR: 
  name: Puerto Rico (see also separate entry under PR)
  names: Puerto Rico (see also separate entry under PR)
MO: 
  name: Missouri
  names: Missouri
ME: 
  name: Maine
  names: Maine
IA: 
  name: Iowa
  names: Iowa
OR: 
  name: Oregon
  names: Oregon
OH: 
  name: Ohio
  names: Ohio
MP: 
  name: Northern Mariana Islands (see also separate entry under MP)
  names: Northern Mariana Islands (see also separate entry under MP)
KY: 
  name: Kentucky
  names: Kentucky
IL: 
  name: Illinois
  names: Illinois
GU: 
  name: Guam (see also separate entry under GU)
  names: Guam (see also separate entry under GU)
AZ: 
  name: Arizona
  names: Arizona
TX: 
  name: Texas
  names: Texas
TN: 
  name: Tennessee
  names: Tennessee
NH: 
  name: New Hampshire
  names: New Hampshire
GA: 
  name: Georgia
  names: Georgia
SC: 
  name: South Carolina
  names: South Carolina
IN: 
  name: Indiana
  names: Indiana
ID: 
  name: Idaho
  names: Idaho
SD: 
  name: South Dakota
  names: South Dakota
PA: 
  name: Pennsylvania
  names: Pennsylvania
OK: 
  name: Oklahoma
  names: Oklahoma
NJ: 
  name: New Jersey
  names: New Jersey
MS: 
  name: Mississippi
  names: Mississippi
MI: 
  name: Michigan
  names: Michigan
FL: 
  name: Florida
  names: Florida
CT: 
  name: Connecticut
  names: Connecticut
AR: 
  name: Arkansas
  names: Arkansas
WI: 
  name: Wisconsin
  names: Wisconsin
MT: 
  name: Montana
  names: Montana
AS: 
  name: American Samoa (see also separate entry under AS)
  names: American Samoa (see also separate entry under AS)
VI: 
  name: Virgin Islands, U.S. (see also separate entry under VI)
  names: Virgin Islands, U.S. (see also separate entry under VI)
VT: 
  name: Vermont
  names: Vermont
NV: 
  name: Nevada
  names: Nevada
KS: 
  name: Kansas
  names: Kansas
CA: 
  name: California
  names: 
  - Californie
  - Kalifornien
WV: 
  name: West Virginia
  names: West Virginia
UT: 
  name: Utah
  names: Utah
NM: 
  name: New Mexico
  names: New Mexico
MA: 
  name: Massachusetts
  names: Massachusetts
DC: 
  name: District of Columbia
  names: District of Columbia
WA: 
  name: Washington
  names: Washington
NC: 
  name: North Carolina
  names: North Carolina
LA: 
  name: Louisiana
  names: Louisiana
AK: 
  name: Alaska
  names: Alaska
