---
AR:
  name: Artigas
  names: Artigas
DU:
  name: Durazno
  names: Durazno
FD:
  name: Florida
  names:
  - FLorida
FS:
  name: Flores
  names: Flores
LA:
  name: Lavalleja
  names: Lavalleja
MA:
  name: Maldonado
  names: Maldonado
MO:
  name: Montevideo
  names: Montevideo
PA:
  name: Paysandú
  names: Paysandú
RN:
  name: Río Negro
  names: Río Negro
RO:
  name: Rocha
  names: Rocha
RV:
  name: Rivera
  names: Rivera
SA:
  name: Salto
  names: Salto
SJ:
  name: San José
  names: San José
SO:
  name: Soriano
  names: Soriano
TA:
  name: Tacuarembó
  names: Tacuarembó
TT:
  name: Treinta y Tres
  names: Treinta y Tres
X1~:
  name: ''
  names: ''
X2~:
  name: ''
  names: ''
X3~:
  name: ''
  names: ''
